Date,Amount,Description,Category
2026-09-01,-1650.00,Landlord LLC,Rent
2026-09-02,-122.50,City Power,Utilities
2026-09-03,-15.99,Netflix,Subscriptions
2026-09-04,-78.40,Whole Foods,Groceries
2026-09-05,-44.00,Shell Gas,Transport
2026-09-06,-26.50,Chipotle,Dining
2026-09-07,-14.00,Uber Eats,Dining
2026-09-08,-89.00,Target,Shopping
2026-09-09,-9.50,Starbucks,Dining
2026-09-10,-18.00,Cinema Club,Entertainment
2026-09-12,-9.50,Starbucks,Dining
2026-09-14,-55.00,CVS Pharmacy,Health
2026-09-16,-110.00,Amazon,Shopping
2026-09-18,-32.00,DoorDash,Dining
2026-09-20,-48.00,Metro Transit,Transport
2026-09-22,-9.50,Starbucks,Dining
2026-09-24,-65.00,Trader Joe's,Groceries
2026-09-26,-40.00,Uber Eats,Dining
